design,us_fastq_file,ds_fastq_file
49,H7A76ADXX/splitFiles_2mm/1_H7A76ADXX.1.ATTATGTT.unmapped.1_SM-574SN_Korob_CGTGGTAA.fastq,H7A76ADXX/splitFiles_2mm/1_H7A76ADXX.1.ATTATGTT.unmapped.2_SM-574SN_Korob_CGTGGTAA.fastq
50,H7A76ADXX/splitFiles_2mm/1_H7A76ADXX.1.ATTATGTT.unmapped.1_SM-574SO_Pelek_GCCCTCCG.fastq,H7A76ADXX/splitFiles_2mm/1_H7A76ADXX.1.ATTATGTT.unmapped.2_SM-574SO_Pelek_GCCCTCCG.fastq
47,H7A2RADXX/splitFiles_2mm/1_H7A2RADXX.1.TCTGGCGA.unmapped.1_SM-574SL_Biyek_AAGTGCCG.fastq,H7A2RADXX/splitFiles_2mm/1_H7A2RADXX.1.TCTGGCGA.unmapped.2_SM-574SL_Biyek_AAGTGCCG.fastq
48,H7A2RADXX/splitFiles_2mm/1_H7A2RADXX.1.TCTGGCGA.unmapped.1_SM-574SM_Norex_GATGGCTC.fastq,H7A2RADXX/splitFiles_2mm/1_H7A2RADXX.1.TCTGGCGA.unmapped.2_SM-574SM_Norex_GATGGCTC.fastq
45,H7A2RADXX/splitFiles_2mm/1_H7A2RADXX.1.TCTGGCGA.unmapped.1_SM-574SJ_Henon_CACGATGA.fastq,H7A2RADXX/splitFiles_2mm/1_H7A2RADXX.1.TCTGGCGA.unmapped.2_SM-574SJ_Henon_CACGATGA.fastq
46,H7A2RADXX/splitFiles_2mm/1_H7A2RADXX.1.TCTGGCGA.unmapped.1_SM-574SK_Pidoy_GCGAGTTG.fastq,H7A2RADXX/splitFiles_2mm/1_H7A2RADXX.1.TCTGGCGA.unmapped.2_SM-574SK_Pidoy_GCGAGTTG.fastq
43,H7A2LADXX/splitFiles_2mm/1_H7A2LADXX.1.CCTACCAT.unmapped.1_SM-574SH_BiyekAAGTGCCG.fastq,H7A2LADXX/splitFiles_2mm/1_H7A2LADXX.1.CCTACCAT.unmapped.2_SM-574SH_BiyekAAGTGCCG.fastq
44,H7A2LADXX/splitFiles_2mm/1_H7A2LADXX.1.CCTACCAT.unmapped.1_SM-574SI_NorexGATGGCTC.fastq,H7A2LADXX/splitFiles_2mm/1_H7A2LADXX.1.CCTACCAT.unmapped.2_SM-574SI_NorexGATGGCTC.fastq
41,H7A2LADXX/splitFiles_2mm/1_H7A2LADXX.1.CCTACCAT.unmapped.1_SM-574SF_HenonCACGATGA.fastq,H7A2LADXX/splitFiles_2mm/1_H7A2LADXX.1.CCTACCAT.unmapped.2_SM-574SF_HenonCACGATGA.fastq
42,H7A2LADXX/splitFiles_2mm/1_H7A2LADXX.1.CCTACCAT.unmapped.1_SM-574SG_PidoyGCGAGTTG.fastq,H7A2LADXX/splitFiles_2mm/1_H7A2LADXX.1.CCTACCAT.unmapped.2_SM-574SG_PidoyGCGAGTTG.fastq
39,H7A76ADXX/splitFiles_2mm/1_H7A76ADXX.1.ATTATGTT.unmapped.1_SM-574SD_Biyek_AAGTGCCG.fastq,H7A76ADXX/splitFiles_2mm/1_H7A76ADXX.1.ATTATGTT.unmapped.2_SM-574SD_Biyek_AAGTGCCG.fastq
40,H7A76ADXX/splitFiles_2mm/1_H7A76ADXX.1.ATTATGTT.unmapped.1_SM-574SE_Norex_GATGGCTC.fastq,H7A76ADXX/splitFiles_2mm/1_H7A76ADXX.1.ATTATGTT.unmapped.2_SM-574SE_Norex_GATGGCTC.fastq
37,H7A76ADXX/splitFiles_2mm/1_H7A76ADXX.1.ATTATGTT.unmapped.1_SM-574SB_Henon_CACGATGA.fastq,H7A76ADXX/splitFiles_2mm/1_H7A76ADXX.1.ATTATGTT.unmapped.2_SM-574SB_Henon_CACGATGA.fastq
38,H7A76ADXX/splitFiles_2mm/1_H7A76ADXX.1.ATTATGTT.unmapped.1_SM-574SC_Pidoy_GCGAGTTG.fastq,H7A76ADXX/splitFiles_2mm/1_H7A76ADXX.1.ATTATGTT.unmapped.2_SM-574SC_Pidoy_GCGAGTTG.fastq
36,H7A2RADXX/splitFiles_2mm/1_H7A2RADXX.1.TCTGGCGA.unmapped.1_SM-574SA_Hahez_CAACACTT.fastq,H7A2RADXX/splitFiles_2mm/1_H7A2RADXX.1.TCTGGCGA.unmapped.2_SM-574SA_Hahez_CAACACTT.fastq
61,H7A76ADXX/splitFiles_2mm/1_H7A76ADXX.1.ATTATGTT.unmapped.1_SM-574SZ_Fafol_ATAATTCT.fastq,H7A76ADXX/splitFiles_2mm/1_H7A76ADXX.1.ATTATGTT.unmapped.2_SM-574SZ_Fafol_ATAATTCT.fastq
59,H7A2RADXX/splitFiles_2mm/1_H7A2RADXX.1.TCTGGCGA.unmapped.1_SM-574SX_Cafex_ACAATCTC.fastq,H7A2RADXX/splitFiles_2mm/1_H7A2RADXX.1.TCTGGCGA.unmapped.2_SM-574SX_Cafex_ACAATCTC.fastq
60,H7A2RADXX/splitFiles_2mm/1_H7A2RADXX.1.TCTGGCGA.unmapped.1_SM-574SY_Daraj_AGAGGACC.fastq,H7A2RADXX/splitFiles_2mm/1_H7A2RADXX.1.TCTGGCGA.unmapped.2_SM-574SY_Daraj_AGAGGACC.fastq
57,H7A2RADXX/splitFiles_2mm/1_H7A2RADXX.1.TCTGGCGA.unmapped.1_SM-574SV_Korob_CGTGGTAA.fastq,H7A2RADXX/splitFiles_2mm/1_H7A2RADXX.1.TCTGGCGA.unmapped.2_SM-574SV_Korob_CGTGGTAA.fastq
58,H7A2RADXX/splitFiles_2mm/1_H7A2RADXX.1.TCTGGCGA.unmapped.1_SM-574SW_Pelek_GCCCTCCG.fastq,H7A2RADXX/splitFiles_2mm/1_H7A2RADXX.1.TCTGGCGA.unmapped.2_SM-574SW_Pelek_GCCCTCCG.fastq
55,H7A2LADXX/splitFiles_2mm/1_H7A2LADXX.1.CCTACCAT.unmapped.1_SM-574ST_CafexACAATCTC.fastq,H7A2LADXX/splitFiles_2mm/1_H7A2LADXX.1.CCTACCAT.unmapped.2_SM-574ST_CafexACAATCTC.fastq
56,H7A2LADXX/splitFiles_2mm/1_H7A2LADXX.1.CCTACCAT.unmapped.1_SM-574SU_DarajAGAGGACC.fastq,H7A2LADXX/splitFiles_2mm/1_H7A2LADXX.1.CCTACCAT.unmapped.2_SM-574SU_DarajAGAGGACC.fastq
53,H7A2LADXX/splitFiles_2mm/1_H7A2LADXX.1.CCTACCAT.unmapped.1_SM-574SR_KorobCGTGGTAA.fastq,H7A2LADXX/splitFiles_2mm/1_H7A2LADXX.1.CCTACCAT.unmapped.2_SM-574SR_KorobCGTGGTAA.fastq
54,H7A2LADXX/splitFiles_2mm/1_H7A2LADXX.1.CCTACCAT.unmapped.1_SM-574SS_PelekGCCCTCCG.fastq,H7A2LADXX/splitFiles_2mm/1_H7A2LADXX.1.CCTACCAT.unmapped.2_SM-574SS_PelekGCCCTCCG.fastq
51,H7A76ADXX/splitFiles_2mm/1_H7A76ADXX.1.ATTATGTT.unmapped.1_SM-574SP_Cafex_ACAATCTC.fastq,H7A76ADXX/splitFiles_2mm/1_H7A76ADXX.1.ATTATGTT.unmapped.2_SM-574SP_Cafex_ACAATCTC.fastq
52,H7A76ADXX/splitFiles_2mm/1_H7A76ADXX.1.ATTATGTT.unmapped.1_SM-574SQ_Daraj_AGAGGACC.fastq,H7A76ADXX/splitFiles_2mm/1_H7A76ADXX.1.ATTATGTT.unmapped.2_SM-574SQ_Daraj_AGAGGACC.fastq
34,H7A2RADXX/splitFiles_2mm/1_H7A2RADXX.1.TCTGGCGA.unmapped.1_SM-574S8_Todab_GTTAGAAA.fastq,H7A2RADXX/splitFiles_2mm/1_H7A2RADXX.1.TCTGGCGA.unmapped.2_SM-574S8_Todab_GTTAGAAA.fastq
35,H7A2RADXX/splitFiles_2mm/1_H7A2RADXX.1.TCTGGCGA.unmapped.1_SM-574S9_Jikin_CCGCGGGA.fastq,H7A2RADXX/splitFiles_2mm/1_H7A2RADXX.1.TCTGGCGA.unmapped.2_SM-574S9_Jikin_CCGCGGGA.fastq
32,H7A2LADXX/splitFiles_2mm/1_H7A2LADXX.1.CCTACCAT.unmapped.1_SM-574S6_HahezCAACACTT.fastq,H7A2LADXX/splitFiles_2mm/1_H7A2LADXX.1.CCTACCAT.unmapped.2_SM-574S6_HahezCAACACTT.fastq
33,H7A2RADXX/splitFiles_2mm/1_H7A2RADXX.1.TCTGGCGA.unmapped.1_SM-574S7_Patoc_GCAGTTAC.fastq,H7A2RADXX/splitFiles_2mm/1_H7A2RADXX.1.TCTGGCGA.unmapped.2_SM-574S7_Patoc_GCAGTTAC.fastq
30,H7A2LADXX/splitFiles_2mm/1_H7A2LADXX.1.CCTACCAT.unmapped.1_SM-574S4_TodabGTTAGAAA.fastq,H7A2LADXX/splitFiles_2mm/1_H7A2LADXX.1.CCTACCAT.unmapped.2_SM-574S4_TodabGTTAGAAA.fastq
31,H7A2LADXX/splitFiles_2mm/1_H7A2LADXX.1.CCTACCAT.unmapped.1_SM-574S5_JikinCCGCGGGA.fastq,H7A2LADXX/splitFiles_2mm/1_H7A2LADXX.1.CCTACCAT.unmapped.2_SM-574S5_JikinCCGCGGGA.fastq
28,H7A76ADXX/splitFiles_2mm/1_H7A76ADXX.1.ATTATGTT.unmapped.1_SM-574S2_Hahez_CAACACTT.fastq,H7A76ADXX/splitFiles_2mm/1_H7A76ADXX.1.ATTATGTT.unmapped.2_SM-574S2_Hahez_CAACACTT.fastq
29,H7A2LADXX/splitFiles_2mm/1_H7A2LADXX.1.CCTACCAT.unmapped.1_SM-574S3_PatocGCAGTTAC.fastq,H7A2LADXX/splitFiles_2mm/1_H7A2LADXX.1.CCTACCAT.unmapped.2_SM-574S3_PatocGCAGTTAC.fastq
27,H7A76ADXX/splitFiles_2mm/1_H7A76ADXX.1.ATTATGTT.unmapped.1_SM-574S1_Jikin_CCGCGGGA.fastq,H7A76ADXX/splitFiles_2mm/1_H7A76ADXX.1.ATTATGTT.unmapped.2_SM-574S1_Jikin_CCGCGGGA.fastq
1,H7A76ADXX/splitFiles_2mm/1_H7A76ADXX.1.ATTATGTT.unmapped.1_SM-574RA_Kalor_CGACTTGG.fastq,H7A76ADXX/splitFiles_2mm/1_H7A76ADXX.1.ATTATGTT.unmapped.2_SM-574RA_Kalor_CGACTTGG.fastq
3,H7A76ADXX/splitFiles_2mm/1_H7A76ADXX.1.ATTATGTT.unmapped.1_SM-574RC_Tajid_GTACCGAG.fastq,H7A76ADXX/splitFiles_2mm/1_H7A76ADXX.1.ATTATGTT.unmapped.2_SM-574RC_Tajid_GTACCGAG.fastq
2,H7A76ADXX/splitFiles_2mm/1_H7A76ADXX.1.ATTATGTT.unmapped.1_SM-574RB_Litoh_CTGGTTCA.fastq,H7A76ADXX/splitFiles_2mm/1_H7A76ADXX.1.ATTATGTT.unmapped.2_SM-574RB_Litoh_CTGGTTCA.fastq
5,H7A2LADXX/splitFiles_2mm/1_H7A2LADXX.1.CCTACCAT.unmapped.1_SM-574RE_KalorCGACTTGG.fastq,H7A2LADXX/splitFiles_2mm/1_H7A2LADXX.1.CCTACCAT.unmapped.2_SM-574RE_KalorCGACTTGG.fastq
4,H7A76ADXX/splitFiles_2mm/1_H7A76ADXX.1.ATTATGTT.unmapped.1_SM-574RD_Liwir_CTGTAGGG.fastq,H7A76ADXX/splitFiles_2mm/1_H7A76ADXX.1.ATTATGTT.unmapped.2_SM-574RD_Liwir_CTGTAGGG.fastq
7,H7A2LADXX/splitFiles_2mm/1_H7A2LADXX.1.CCTACCAT.unmapped.1_SM-574RG_TajidGTACCGAG.fastq,H7A2LADXX/splitFiles_2mm/1_H7A2LADXX.1.CCTACCAT.unmapped.2_SM-574RG_TajidGTACCGAG.fastq
6,H7A2LADXX/splitFiles_2mm/1_H7A2LADXX.1.CCTACCAT.unmapped.1_SM-574RF_LitohCTGGTTCA.fastq,H7A2LADXX/splitFiles_2mm/1_H7A2LADXX.1.CCTACCAT.unmapped.2_SM-574RF_LitohCTGGTTCA.fastq
9,H7A2RADXX/splitFiles_2mm/1_H7A2RADXX.1.TCTGGCGA.unmapped.1_SM-574RI_Kalor_CGACTTGG.fastq,H7A2RADXX/splitFiles_2mm/1_H7A2RADXX.1.TCTGGCGA.unmapped.2_SM-574RI_Kalor_CGACTTGG.fastq
8,H7A2LADXX/splitFiles_2mm/1_H7A2LADXX.1.CCTACCAT.unmapped.1_SM-574RH_LiwirCTGTAGGG.fastq,H7A2LADXX/splitFiles_2mm/1_H7A2LADXX.1.CCTACCAT.unmapped.2_SM-574RH_LiwirCTGTAGGG.fastq
11,H7A2RADXX/splitFiles_2mm/1_H7A2RADXX.1.TCTGGCGA.unmapped.1_SM-574RK_Tajid_GTACCGAG.fastq,H7A2RADXX/splitFiles_2mm/1_H7A2RADXX.1.TCTGGCGA.unmapped.2_SM-574RK_Tajid_GTACCGAG.fastq
10,H7A2RADXX/splitFiles_2mm/1_H7A2RADXX.1.TCTGGCGA.unmapped.1_SM-574RJ_Litoh_CTGGTTCA.fastq,H7A2RADXX/splitFiles_2mm/1_H7A2RADXX.1.TCTGGCGA.unmapped.2_SM-574RJ_Litoh_CTGGTTCA.fastq
13,H7A76ADXX/splitFiles_2mm/1_H7A76ADXX.1.ATTATGTT.unmapped.1_SM-574RM_Tipop_GTGGCTGC.fastq,H7A76ADXX/splitFiles_2mm/1_H7A76ADXX.1.ATTATGTT.unmapped.2_SM-574RM_Tipop_GTGGCTGC.fastq
12,H7A2RADXX/splitFiles_2mm/1_H7A2RADXX.1.TCTGGCGA.unmapped.1_SM-574RL_Liwir_CTGTAGGG.fastq,H7A2RADXX/splitFiles_2mm/1_H7A2RADXX.1.TCTGGCGA.unmapped.2_SM-574RL_Liwir_CTGTAGGG.fastq
15,H7A76ADXX/splitFiles_2mm/1_H7A76ADXX.1.ATTATGTT.unmapped.1_SM-574RO_Kehic_CGCCAGAC.fastq,H7A76ADXX/splitFiles_2mm/1_H7A76ADXX.1.ATTATGTT.unmapped.2_SM-574RO_Kehic_CGCCAGAC.fastq
14,H7A76ADXX/splitFiles_2mm/1_H7A76ADXX.1.ATTATGTT.unmapped.1_SM-574RN_Tehof_GTCCATAT.fastq,H7A76ADXX/splitFiles_2mm/1_H7A76ADXX.1.ATTATGTT.unmapped.2_SM-574RN_Tehof_GTCCATAT.fastq
17,H7A2LADXX/splitFiles_2mm/1_H7A2LADXX.1.CCTACCAT.unmapped.1_SM-574RQ_TipopGTGGCTGC.fastq,H7A2LADXX/splitFiles_2mm/1_H7A2LADXX.1.CCTACCAT.unmapped.2_SM-574RQ_TipopGTGGCTGC.fastq
16,H7A76ADXX/splitFiles_2mm/1_H7A76ADXX.1.ATTATGTT.unmapped.1_SM-574RP_Dowid_AGTTAGAG.fastq,H7A76ADXX/splitFiles_2mm/1_H7A76ADXX.1.ATTATGTT.unmapped.2_SM-574RP_Dowid_AGTTAGAG.fastq
19,H7A2LADXX/splitFiles_2mm/1_H7A2LADXX.1.CCTACCAT.unmapped.1_SM-574RS_KehicCGCCAGAC.fastq,H7A2LADXX/splitFiles_2mm/1_H7A2LADXX.1.CCTACCAT.unmapped.2_SM-574RS_KehicCGCCAGAC.fastq
18,H7A2LADXX/splitFiles_2mm/1_H7A2LADXX.1.CCTACCAT.unmapped.1_SM-574RR_TehofGTCCATAT.fastq,H7A2LADXX/splitFiles_2mm/1_H7A2LADXX.1.CCTACCAT.unmapped.2_SM-574RR_TehofGTCCATAT.fastq
21,H7A2RADXX/splitFiles_2mm/1_H7A2RADXX.1.TCTGGCGA.unmapped.1_SM-574RU_Tipop_GTGGCTGC.fastq,H7A2RADXX/splitFiles_2mm/1_H7A2RADXX.1.TCTGGCGA.unmapped.2_SM-574RU_Tipop_GTGGCTGC.fastq
20,H7A2LADXX/splitFiles_2mm/1_H7A2LADXX.1.CCTACCAT.unmapped.1_SM-574RT_DowidAGTTAGAG.fastq,H7A2LADXX/splitFiles_2mm/1_H7A2LADXX.1.CCTACCAT.unmapped.2_SM-574RT_DowidAGTTAGAG.fastq
23,H7A2RADXX/splitFiles_2mm/1_H7A2RADXX.1.TCTGGCGA.unmapped.1_SM-574RW_Kehic_CGCCAGAC.fastq,H7A2RADXX/splitFiles_2mm/1_H7A2RADXX.1.TCTGGCGA.unmapped.2_SM-574RW_Kehic_CGCCAGAC.fastq
22,H7A2RADXX/splitFiles_2mm/1_H7A2RADXX.1.TCTGGCGA.unmapped.1_SM-574RV_Tehof_GTCCATAT.fastq,H7A2RADXX/splitFiles_2mm/1_H7A2RADXX.1.TCTGGCGA.unmapped.2_SM-574RV_Tehof_GTCCATAT.fastq
25,H7A76ADXX/splitFiles_2mm/1_H7A76ADXX.1.ATTATGTT.unmapped.1_SM-574RY_Patoc_GCAGTTAC.fastq,H7A76ADXX/splitFiles_2mm/1_H7A76ADXX.1.ATTATGTT.unmapped.2_SM-574RY_Patoc_GCAGTTAC.fastq
24,H7A2RADXX/splitFiles_2mm/1_H7A2RADXX.1.TCTGGCGA.unmapped.1_SM-574RX_Dowid_AGTTAGAG.fastq,H7A2RADXX/splitFiles_2mm/1_H7A2RADXX.1.TCTGGCGA.unmapped.2_SM-574RX_Dowid_AGTTAGAG.fastq
26,H7A76ADXX/splitFiles_2mm/1_H7A76ADXX.1.ATTATGTT.unmapped.1_SM-574RZ_Todab_GTTAGAAA.fastq,H7A76ADXX/splitFiles_2mm/1_H7A76ADXX.1.ATTATGTT.unmapped.2_SM-574RZ_Todab_GTTAGAAA.fastq
68,H7A2LADXX/splitFiles_2mm/1_H7A2LADXX.1.CCTACCAT.unmapped.1_SM-574T7_RekiwGGCCGGTA.fastq,H7A2LADXX/splitFiles_2mm/1_H7A2LADXX.1.CCTACCAT.unmapped.2_SM-574T7_RekiwGGCCGGTA.fastq
67,H7A2LADXX/splitFiles_2mm/1_H7A2LADXX.1.CCTACCAT.unmapped.1_SM-574T6_HoliwCATCTGTA.fastq,H7A2LADXX/splitFiles_2mm/1_H7A2LADXX.1.CCTACCAT.unmapped.2_SM-574T6_HoliwCATCTGTA.fastq
66,H7A2LADXX/splitFiles_2mm/1_H7A2LADXX.1.CCTACCAT.unmapped.1_SM-574T5_BobotAATAATGT.fastq,H7A2LADXX/splitFiles_2mm/1_H7A2LADXX.1.CCTACCAT.unmapped.2_SM-574T5_BobotAATAATGT.fastq
65,H7A2LADXX/splitFiles_2mm/1_H7A2LADXX.1.CCTACCAT.unmapped.1_SM-574T4_FafolATAATTCT.fastq,H7A2LADXX/splitFiles_2mm/1_H7A2LADXX.1.CCTACCAT.unmapped.2_SM-574T4_FafolATAATTCT.fastq
64,H7A76ADXX/splitFiles_2mm/1_H7A76ADXX.1.ATTATGTT.unmapped.1_SM-574T3_Rekiw_GGCCGGTA.fastq,H7A76ADXX/splitFiles_2mm/1_H7A76ADXX.1.ATTATGTT.unmapped.2_SM-574T3_Rekiw_GGCCGGTA.fastq
63,H7A76ADXX/splitFiles_2mm/1_H7A76ADXX.1.ATTATGTT.unmapped.1_SM-574T2_Holiw_CATCTGTA.fastq,H7A76ADXX/splitFiles_2mm/1_H7A76ADXX.1.ATTATGTT.unmapped.2_SM-574T2_Holiw_CATCTGTA.fastq
62,H7A76ADXX/splitFiles_2mm/1_H7A76ADXX.1.ATTATGTT.unmapped.1_SM-574T1_Bobot_AATAATGT.fastq,H7A76ADXX/splitFiles_2mm/1_H7A76ADXX.1.ATTATGTT.unmapped.2_SM-574T1_Bobot_AATAATGT.fastq
70,H7A2RADXX/splitFiles_2mm/1_H7A2RADXX.1.TCTGGCGA.unmapped.1_SM-574T9_Bobot_AATAATGT.fastq,H7A2RADXX/splitFiles_2mm/1_H7A2RADXX.1.TCTGGCGA.unmapped.2_SM-574T9_Bobot_AATAATGT.fastq
69,H7A2RADXX/splitFiles_2mm/1_H7A2RADXX.1.TCTGGCGA.unmapped.1_SM-574T8_Fafol_ATAATTCT.fastq,H7A2RADXX/splitFiles_2mm/1_H7A2RADXX.1.TCTGGCGA.unmapped.2_SM-574T8_Fafol_ATAATTCT.fastq
77,H7A2LADXX/splitFiles_2mm/1_H7A2LADXX.1.CCTACCAT.unmapped.1_SM-574TG_LorijCTTGGGCC.fastq,H7A2LADXX/splitFiles_2mm/1_H7A2LADXX.1.CCTACCAT.unmapped.2_SM-574TG_LorijCTTGGGCC.fastq
76,H7A76ADXX/splitFiles_2mm/1_H7A76ADXX.1.ATTATGTT.unmapped.1_SM-574TF_Penir_GCCGAGGG.fastq,H7A76ADXX/splitFiles_2mm/1_H7A76ADXX.1.ATTATGTT.unmapped.2_SM-574TF_Penir_GCCGAGGG.fastq
75,H7A76ADXX/splitFiles_2mm/1_H7A76ADXX.1.ATTATGTT.unmapped.1_SM-574TE_Texeh_GTCTCCCA.fastq,H7A76ADXX/splitFiles_2mm/1_H7A76ADXX.1.ATTATGTT.unmapped.2_SM-574TE_Texeh_GTCTCCCA.fastq
74,H7A76ADXX/splitFiles_2mm/1_H7A76ADXX.1.ATTATGTT.unmapped.1_SM-574TD_Hatif_CAAGTGAT.fastq,H7A76ADXX/splitFiles_2mm/1_H7A76ADXX.1.ATTATGTT.unmapped.2_SM-574TD_Hatif_CAAGTGAT.fastq
73,H7A76ADXX/splitFiles_2mm/1_H7A76ADXX.1.ATTATGTT.unmapped.1_SM-574TC_Lorij_CTTGGGCC.fastq,H7A76ADXX/splitFiles_2mm/1_H7A76ADXX.1.ATTATGTT.unmapped.2_SM-574TC_Lorij_CTTGGGCC.fastq
72,H7A2RADXX/splitFiles_2mm/1_H7A2RADXX.1.TCTGGCGA.unmapped.1_SM-574TB_Rekiw_GGCCGGTA.fastq,H7A2RADXX/splitFiles_2mm/1_H7A2RADXX.1.TCTGGCGA.unmapped.2_SM-574TB_Rekiw_GGCCGGTA.fastq
71,H7A2RADXX/splitFiles_2mm/1_H7A2RADXX.1.TCTGGCGA.unmapped.1_SM-574TA_Holiw_CATCTGTA.fastq,H7A2RADXX/splitFiles_2mm/1_H7A2RADXX.1.TCTGGCGA.unmapped.2_SM-574TA_Holiw_CATCTGTA.fastq
84,H7A2RADXX/splitFiles_2mm/1_H7A2RADXX.1.TCTGGCGA.unmapped.1_SM-574TN_Penir_GCCGAGGG.fastq,H7A2RADXX/splitFiles_2mm/1_H7A2RADXX.1.TCTGGCGA.unmapped.2_SM-574TN_Penir_GCCGAGGG.fastq
83,H7A2RADXX/splitFiles_2mm/1_H7A2RADXX.1.TCTGGCGA.unmapped.1_SM-574TM_Texeh_GTCTCCCA.fastq,H7A2RADXX/splitFiles_2mm/1_H7A2RADXX.1.TCTGGCGA.unmapped.2_SM-574TM_Texeh_GTCTCCCA.fastq
82,H7A2RADXX/splitFiles_2mm/1_H7A2RADXX.1.TCTGGCGA.unmapped.1_SM-574TL_Hatif_CAAGTGAT.fastq,H7A2RADXX/splitFiles_2mm/1_H7A2RADXX.1.TCTGGCGA.unmapped.2_SM-574TL_Hatif_CAAGTGAT.fastq
81,H7A2RADXX/splitFiles_2mm/1_H7A2RADXX.1.TCTGGCGA.unmapped.1_SM-574TK_Lorij_CTTGGGCC.fastq,H7A2RADXX/splitFiles_2mm/1_H7A2RADXX.1.TCTGGCGA.unmapped.2_SM-574TK_Lorij_CTTGGGCC.fastq
80,H7A2LADXX/splitFiles_2mm/1_H7A2LADXX.1.CCTACCAT.unmapped.1_SM-574TJ_PenirGCCGAGGG.fastq,H7A2LADXX/splitFiles_2mm/1_H7A2LADXX.1.CCTACCAT.unmapped.2_SM-574TJ_PenirGCCGAGGG.fastq
79,H7A2LADXX/splitFiles_2mm/1_H7A2LADXX.1.CCTACCAT.unmapped.1_SM-574TI_TexehGTCTCCCA.fastq,H7A2LADXX/splitFiles_2mm/1_H7A2LADXX.1.CCTACCAT.unmapped.2_SM-574TI_TexehGTCTCCCA.fastq
78,H7A2LADXX/splitFiles_2mm/1_H7A2LADXX.1.CCTACCAT.unmapped.1_SM-574TH_HatifCAAGTGAT.fastq,H7A2LADXX/splitFiles_2mm/1_H7A2LADXX.1.CCTACCAT.unmapped.2_SM-574TH_HatifCAAGTGAT.fastq
